<?xml version="1.0" encoding="UTF-8"?><rss version="2.0"
	xmlns:content="http://purl.org/rss/1.0/modules/content/"
	xmlns:dc="http://purl.org/dc/elements/1.1/"
	xmlns:atom="http://www.w3.org/2005/Atom"
	xmlns:sy="http://purl.org/rss/1.0/modules/syndication/"
	
	>
<channel>
	<title>
	Comments on: Nostrum nobis adipisci quis autem autem	</title>
	<atom:link href="/nostrum-nobis-adipisci-quis-autem-autem/feed/" rel="self" type="application/rss+xml" />
	<link>/nostrum-nobis-adipisci-quis-autem-autem/</link>
	<description>The best test site at the best rates!</description>
	<lastBuildDate>Fri, 04 Oct 2024 22:21:29 +0000</lastBuildDate>
	<sy:updatePeriod>
	hourly	</sy:updatePeriod>
	<sy:updateFrequency>
	1	</sy:updateFrequency>
	<generator>https://wordpress.org/?v=6.6.2</generator>
</channel>
</rss>
