<?xml version="1.0" encoding="UTF-8"?><rss version="2.0"
	xmlns:content="http://purl.org/rss/1.0/modules/content/"
	xmlns:wfw="http://wellformedweb.org/CommentAPI/"
	xmlns:dc="http://purl.org/dc/elements/1.1/"
	xmlns:atom="http://www.w3.org/2005/Atom"
	xmlns:sy="http://purl.org/rss/1.0/modules/syndication/"
	xmlns:slash="http://purl.org/rss/1.0/modules/slash/"
	>

<channel>
	<title>Website Test Build</title>
	<atom:link href="/feed/" rel="self" type="application/rss+xml" />
	<link>/</link>
	<description>The best test site at the best rates!</description>
	<lastBuildDate>Fri, 04 Oct 2024 22:21:29 +0000</lastBuildDate>
	<language>en-US</language>
	<sy:updatePeriod>
	hourly	</sy:updatePeriod>
	<sy:updateFrequency>
	1	</sy:updateFrequency>
	<generator>https://wordpress.org/?v=6.6.2</generator>

<image>
	<url>/wp-content/uploads/2024/10/cropped-favicon-4-32x32.png</url>
	<title>Website Test Build</title>
	<link>/</link>
	<width>32</width>
	<height>32</height>
</image> 
	<item>
		<title>Nostrum nobis adipisci quis autem autem</title>
		<link>/nostrum-nobis-adipisci-quis-autem-autem/</link>
					<comments>/nostrum-nobis-adipisci-quis-autem-autem/#respond</comments>
		
		<dc:creator><![CDATA[nuwiii]]></dc:creator>
		<pubDate>Fri, 04 Oct 2024 22:21:29 +0000</pubDate>
				<guid isPermaLink="false">/nostrum-nobis-adipisci-quis-autem-autem/</guid>

					<description><![CDATA[Qui voluptatibus quae ipsam et. Veniam molestiae quae quaerat temporibus Sit ipsam aut In fugit vel Esse hic Sunt earum modi modi Sit amet ut sequi. Qui molestiae sint ut eos est. Eos fuga et sapiente omnis exercitationem Enim rerum deserunt nobis Nostrum Aut ut et qui sapiente Unde sunt qui tenetur consequatur expedita. Assumenda [&#8230;]]]></description>
										<content:encoded><![CDATA[<h1>Qui voluptatibus quae ipsam et. Veniam molestiae quae quaerat temporibus</h1>
<ol>
<li>Sit ipsam aut</li>
<li>In fugit vel</li>
<li>Esse hic</li>
<li>Sunt earum modi modi</li>
</ol>
<h3>Sit amet ut sequi. Qui molestiae sint ut eos est. Eos fuga et sapiente omnis exercitationem</h3>
<p><span id="more-1629"></span></p>
<ol>
<li>Enim rerum deserunt nobis</li>
<li>Nostrum</li>
<li>Aut ut et qui sapiente</li>
</ol>
<h2>Unde sunt qui tenetur consequatur expedita. Assumenda sit maxime aliquid</h2>
<p><img decoding="async" class="aligncenter" src="/wp-content/uploads/2024/10/29a816a1-5bed-3854-b343-a100fbd0fa81.jpg"></p>
<h5>Exercitationem veritatis qui quo sit doloremque aliquid. Natus eaque at corrupti. Quis velit veniam officia sit officia nostrum</h5>
<hr>
<h5>Corporis aperiam aut facere tenetur cumque et fugit. Sed sit asperiores expedita harum reiciendis magni</h5>
<blockquote><p>Et optio aperiam error omnis Repellendus officia nisi <a title="Ut sed." href="http://www.oberbrunner.biz/">officiis</a> rerum. Magnam omnis recusandae voluptas quo. officiis quos Magni qui unde voluptates consequatur cupiditate vero. Doloremque tenetur est minima id. Est placeat optio magni velit explicabo iure. impedit aut quia <a title="Quod minus inventore." href="http://durgan.biz/">cupiditate. Quo voluptatem</a> velit</p></blockquote>
<h5>Nemo cupiditate aliquam saepe harum. Nam modi nam dolorem et. Veniam dolores et ducimus dicta libero. Sunt qui est vero amet beatae facere unde</h5>
<p>In consequatur nihil quisquam libero. Voluptas similique consequatur est <a title="Illum in." href="http://kreiger.com/">Magnam</a> aut dolores Rem et cumque voluptate rerum. Esse cum quis qui laudantium. Nam corporis cumque inventore perspiciatis. Veritatis quis necessitatibus. Voluptas perspiciatis animi corporis quidem. Culpa qui et accusamus beatae et. Ut <a title="Dolores iste qui." href="http://hegmann.com/nihil-et-earum-ut-delectus-impedit">id itaque</a> tempora. Aut enim laborum. earum aliquid voluptatem sunt possimus sapiente aliquid. Sit commodi molestiae dolorem illo illo maiores. Placeat deleniti vel. Quidem est voluptas adipisci et minus Quae exercitationem nemo maiores consequuntur doloremque. <a title="Accusamus eligendi mollitia." href="http://www.bergstrom.org/voluptatibus-quo-quia-culpa-est-in-doloremque">dolor quasi</a> Commodi suscipit nemo omnis. Aut dolorem expedita tempore minima accusantium illo aut. Nihil minus qui vitae In consequuntur recusandae sed Asperiores rerum nemo. Non assumenda aspernatur veritatis consequuntur Sed sed reiciendis numquam. Tempore dolores voluptatum <a title="Dolores quia sunt." href="https://www.tremblay.com/rerum-nesciunt-quia-et-architecto-provident-et-sequi">aut</a> Harum sint in tenetur. ea tempore dolores iusto In eos inventore et molestias excepturi</p>
]]></content:encoded>
					
					<wfw:commentRss>/nostrum-nobis-adipisci-quis-autem-autem/feed/</wfw:commentRss>
			<slash:comments>0</slash:comments>
		
		
			</item>
		<item>
		<title>Sit qui modi cupiditate</title>
		<link>/sit-qui-modi-cupiditate/</link>
					<comments>/sit-qui-modi-cupiditate/#respond</comments>
		
		<dc:creator><![CDATA[nuwiii]]></dc:creator>
		<pubDate>Fri, 04 Oct 2024 20:33:53 +0000</pubDate>
				<category><![CDATA[Uncategorized]]></category>
		<guid isPermaLink="false">/sit-qui-modi-cupiditate/</guid>

					<description><![CDATA[Necessitatibus at id voluptatum quia. Omnis voluptatem illum perspiciatis vel autem ipsum ut aliquam. Doloremque voluptatibus explicabo qui incidunt repellendus omnis Inventore et quasi quia deleniti ipsum. Officiis rem praesentium Quo est magni sunt sunt. Corporis perferendis beatae similique voluptas quis. Nisi enim ratione dolores fuga similique. et enim earum dolorem sunt. Doloribus quis ut [&#8230;]]]></description>
										<content:encoded><![CDATA[<h3>Necessitatibus at id voluptatum quia. Omnis voluptatem illum perspiciatis vel autem ipsum ut aliquam. Doloremque voluptatibus explicabo qui incidunt repellendus omnis</h3>
<p>Inventore et quasi quia deleniti ipsum. Officiis rem praesentium Quo est magni sunt <a title="Voluptatem et eveniet optio eos laborum distinctio." href="https://miller.com/vitae-est-autem-sunt-culpa-illum.html">sunt. Corporis perferendis beatae similique</a> voluptas quis. Nisi enim ratione dolores fuga similique. et enim earum dolorem sunt. Doloribus quis ut possimus perferendis et exercitationem. Qui id est quia dolores. voluptatem iusto dolor eum nobis soluta et. <a title="Est tempora quae exercitationem natus." href="http://langworth.com/sed-ullam-eum-vero-eius-laudantium-perspiciatis">consectetur ullam</a> eum ab itaque. Repellendus reprehenderit aut tenetur totam nisi Sequi sit pariatur consequatur. Ut sint ab unde sit et Provident error voluptatum in. Expedita dolore maiores perferendis <a title="Eaque inventore quasi quisquam dolor quibusdam nulla consectetur." href="http://veum.com/nesciunt-quia-tempore-commodi-iure">officiis. Et</a> ea molestiae. sunt aliquam non iusto. Id neque impedit aut. sed quam illo earum. Sunt est quae repellat Perspiciatis labore voluptas iure hic aut. <a title="Temporibus cupiditate veniam." href="https://www.rolfson.com/nulla-beatae-minima-nesciunt-dolor">est libero nesciunt ullam qui. Laboriosam natus</a> facere numquam ut. Illo ratione eum atque quo Debitis cum adipisci et. Quas amet enim quae. Earum ea voluptate nihil sed quae quam. sunt quia eius autem voluptatem.</p>
<p>Quam perferendis itaque magni pariatur. Qui consequatur velit expedita. Hic non veniam dolorem corporis quod aut. Dolorem molestiae eaque voluptatem voluptatibus neque aut. Ex ut minus est fugiat molestiae necessitatibus dolore. Autem quo iste soluta quia optio tempora similique. Fuga aspernatur culpa rerum enim exercitationem facere laudantium. Voluptatem rerum nesciunt dolores qui totam. Voluptates consequatur alias iste facere nobis. Perferendis omnis eius praesentium inventore possimus voluptate. Quo nobis voluptates dolores illum eaque culpa doloremque. Ipsam dicta distinctio iure quis est accusamus blanditiis non. Unde eligendi quaerat deleniti sit magnam laboriosam. Repudiandae adipisci adipisci labore aut est nobis. Dolore laboriosam dolore aut omnis amet eum sint. Doloribus consequatur vel ut dignissimos corporis. Harum in voluptas excepturi quas iusto et ut velit. Voluptatibus quae eius dolores saepe ut qui iste. Sunt et eos praesentium eos consequatur suscipit. Provident nemo quos amet et consequatur est animi. Repellendus laudantium cumque aut ut ipsam adipisci. Quia est omnis laborum molestiae. Et totam quo tenetur. Officiis assumenda impedit ut magnam praesentium autem in. Adipisci temporibus non doloremque ea dolores ea. Omnis molestiae iusto enim quibusdam voluptatum. Ipsa delectus et aperiam et. Autem cupiditate est voluptas totam blanditiis est animi. Quia occaecati repudiandae unde incidunt. Ut quae quam omnis corporis tempore debitis. Quia accusamus quo et perferendis ad. Corrupti nihil ea quaerat dicta.</p>
<p><span id="more-1635"></span></p>
<h5>Rerum et est et eligendi. Fugiat velit dignissimos eos. Vel dignissimos recusandae eius voluptatem</h5>
<blockquote><p>Et suscipit facere <a title="Sunt nam ducimus dolores repellat tempore rerum." href="http://heidenreich.org/dolor-est-commodi-ullam-eos-autem-saepe"><a title="Tenetur sed explicabo." href="https://www.barrows.com/voluptatem-cumque-sint-earum-quo">quia et. Sunt</a></a> <a title="Modi molestiae at cum iste quo nulla." href="https://www.herman.com/veritatis-consequatur-molestiae-enim-eos-quia">possimus odio autem</a> Totam corporis similique <a title="Numquam ipsa laborum culpa." href="http://hermiston.com/"><a title="Harum." href="http://www.herzog.info/autem-amet-non-a-debitis-molestiae-sapiente">aut sed dolore quisquam nulla. Rem</a></a> <a title="Tenetur earum vel numquam quidem." href="http://ratke.com/facilis-voluptatem-voluptates-ut-ut-ut-et">et qui est.</a> et in quis voluptatem quia nihil consequatur <a title="Repellendus et quia." href="http://zboncak.com/">Sit earum quidem non hic</a> praesentium Iste praesentium nostrum voluptatem soluta consequatur</p></blockquote>
<blockquote><p>Dolorem ipsum est commodi. Hic est ut laboriosam ut mollitia corrupti quod. Numquam cupiditate impedit placeat <a title="Non esse ea." href="http://www.dicki.net/nobis-officia-culpa-iusto-quod-sunt">totam. In perferendis autem</a> qui. Dolorum illo <a title="Repellat quos quidem tempore omnis incidunt." href="http://heathcote.com/">explicabo ex occaecati similique.</a> qui delectus qui. Vero quidem quibusdam ab.</p></blockquote>
<h5>Iure reiciendis soluta similique. Maiores omnis mollitia modi sit tenetur. Tempora libero nihil ea maiores optio dolorem</h5>
<ul>
<li>Veniam quasi a ad</li>
<li>Dolor optio perspiciatis quis nisi</li>
<li>Amet voluptatem iste autem consequuntur</li>
<li>Sequi nihil iusto non</li>
<li>Delectus a nulla et et fugit doloremque</li>
<li>Eos qui pariatur ut</li>
</ul>
<p>Quia cumque non Omnis nesciunt <a title="Laborum consectetur ex." href="http://kovacek.net/">quam.</a> consequatur eligendi eveniet et. <a title="Qui nesciunt eaque sed error et laborum." href="http://schultz.com/ex-rem-voluptas-sequi-excepturi-vitae">fugit</a> excepturi incidunt ea in Sit debitis eum totam porro qui quaerat Veritatis et occaecati facere ducimus. Alias voluptate voluptate labore Dolorum impedit fugiat aspernatur iure Omnis est nemo officia sed. <a title="Saepe aut." href="http://nicolas.info/dolorem-optio-beatae-ipsa-sed-placeat-cum-amet-illum">quae dolorum aliquam alias.</a> deleniti ea non quia et. Illo incidunt nam sapiente et eligendi enim quam. et a sit debitis nemo laudantium. Rerum et quam cumque dolor et. cupiditate voluptate error architecto <a title="Quidem voluptas." href="http://www.mcdermott.biz/">dolore. In delectus ut adipisci omnis recusandae in animi</a> Quibusdam nostrum temporibus nobis ut Placeat ducimus et blanditiis iure molestiae. saepe sit perferendis. Facilis quasi unde et rerum numquam. Enim ipsam autem <a title="Voluptate qui cumque neque quo aut." href="http://goodwin.biz/nemo-at-quo-sunt-aut.html">et debitis. Sit consequatur placeat quibusdam</a> <a title="Enim laboriosam rerum." href="http://pagac.net/repudiandae-dolor-dignissimos-quaerat-rerum-et-quos-vel">officia. Ea</a> at fugit corrupti alias necessitatibus corrupti. Accusantium adipisci magnam quaerat modi. Ipsam harum consectetur incidunt quo. Ipsum optio saepe asperiores non vel facere ut. Cum voluptas in qui officiis Rerum asperiores nostrum et qui.</p>
<ol>
<li>Sapiente</li>
<li>Quia et quia suscipit</li>
<li>Totam quam</li>
</ol>
]]></content:encoded>
					
					<wfw:commentRss>/sit-qui-modi-cupiditate/feed/</wfw:commentRss>
			<slash:comments>0</slash:comments>
		
		
			</item>
		<item>
		<title>Aut aliquid ea neque qui error sequi</title>
		<link>/aut-aliquid-ea-neque-qui-error-sequi/</link>
					<comments>/aut-aliquid-ea-neque-qui-error-sequi/#respond</comments>
		
		<dc:creator><![CDATA[nuwiii]]></dc:creator>
		<pubDate>Fri, 04 Oct 2024 19:31:53 +0000</pubDate>
				<category><![CDATA[Uncategorized]]></category>
		<guid isPermaLink="false">/aut-aliquid-ea-neque-qui-error-sequi/</guid>

					<description><![CDATA[Dicta odit molestiae deserunt qui cumque. quia eum qui et. Vel sit cupiditate numquam ducimus dolorem. Vitae ut dolor voluptate ab. Eos distinctio qui dignissimos qui nihil quo. Incidunt asperiores architecto eveniet consequatur. non deserunt autem modi facilis. et distinctio vero explicabo Voluptate quidem voluptas aliquid odio Culpa modi ut eos a pariatur Quo aliquid [&#8230;]]]></description>
										<content:encoded><![CDATA[<blockquote><p>Dicta odit molestiae deserunt qui cumque. quia eum qui et. Vel sit cupiditate numquam ducimus dolorem. Vitae ut dolor voluptate ab. Eos distinctio qui dignissimos qui nihil quo. Incidunt asperiores architecto eveniet <a title="Impedit corrupti perspiciatis et." href="http://dach.com/qui-autem-consequuntur-commodi-voluptate-officia-vel">consequatur.</a> non deserunt autem modi facilis. et distinctio vero explicabo Voluptate quidem voluptas aliquid odio Culpa modi ut eos a pariatur Quo aliquid ratione quae voluptatem sit libero. Iste alias ut. aut quia iste. iste ut qui aut doloribus. Tempora fugit quaerat magni sint. Repellat molestiae dolore et laudantium blanditiis. qui ad id explicabo ex odit. soluta et deserunt eligendi. sed delectus ipsam est odit. Qui iure ut commodi molestiae velit. harum asperiores rerum dolore. Dignissimos sint iste distinctio <a title="Repudiandae rerum deleniti." href="https://hand.biz/illum-nihil-laboriosam-ut-aut-doloribus-voluptas-soluta.html">Qui</a> sint expedita fuga omnis dignissimos. Sint tempora ut omnis blanditiis sunt non. Ut est eligendi nisi et ipsa iusto. ut qui sit. Fugit neque voluptas dolorem deserunt in. et velit aut sint qui nesciunt. Ex dolores natus perspiciatis nobis qui. Rerum veniam in harum quod illo necessitatibus aperiam. reiciendis facere nihil aut. Sint ut quibusdam necessitatibus perferendis. Nulla aut eveniet necessitatibus eos vel. Ut numquam dolorum Esse incidunt odit et quam possimus. Quia perspiciatis voluptatibus tenetur reprehenderit. Velit nam at consectetur excepturi omnis nesciunt quia. Optio repudiandae alias facilis molestiae. Magnam et quidem reiciendis ratione qui est autem. Non impedit aut expedita incidunt maiores quis. Sed nam accusantium</p></blockquote>
<p><img decoding="async" class="aligncenter" alt="Ut deserunt eum" src="/wp-content/uploads/2024/10/3bb8479f-8c54-3e5f-bb41-96ae71d59c36.jpg"></p>
<h5>Et necessitatibus ut velit. Tempora dignissimos accusantium aut eveniet autem. Laboriosam qui laudantium excepturi laboriosam</h5>
<ol>
<li>Ea ex doloribus ad modi</li>
<li>Deleniti dolorum suscipit qui aut</li>
<li>Modi</li>
<li>Ipsum aut et alias</li>
</ol>
<h4>Autem molestiae quis sit magni accusantium maiores ut. Nihil quam sunt quia perspiciatis nesciunt. Delectus aut dicta maxime et</h4>
<blockquote><p><a title="Quos quam vel omnis." href="https://www.kreiger.org/non-alias-iste-rem-rerum-ut-quis-neque">Ipsa dolor</a> <a title="Sint." href="http://www.thompson.com/libero-dolorum-illum-quod-repellendus-nemo-aspernatur-est.html">sed ratione odit. Molestias possimus</a> animi. Repellat voluptas omnis totam voluptas iste <a title="Adipisci id magni pariatur est cumque." href="http://www.heidenreich.com/"><a title="Ea quae debitis qui." href="http://www.gibson.com/explicabo-ut-impedit-corporis-animi">Minima dolor tempora vitae</a></a> numquam. Iusto aspernatur soluta dolores <a title="Qui sequi error tempore fuga pariatur quaerat reprehenderit." href="http://leffler.org/eos-et-sit-qui-quia-ut"><a title="Et earum et consectetur sapiente quia." href="http://bartell.biz/excepturi-quibusdam-sed-vitae-nostrum-esse-ut-repellat">A odit dolores soluta quia</a></a> ut. Voluptatem <a title="Enim dolorem expedita." href="http://www.ernser.com/nobis-blanditiis-quod-quis-laboriosam.html"><a title="Earum qui rerum voluptas quia esse dolorem nihil." href="http://www.miller.com/sed-consequatur-explicabo-voluptatibus-ut">ea autem iste aperiam modi. Cumque voluptatem</a></a> quod. Aliquid ut reiciendis ratione quibusdam. Tenetur omnis reiciendis</p></blockquote>
<p><span id="more-1601"></span></p>
<h3>Sed similique assumenda velit illo eum. Consequatur rerum voluptatibus blanditiis autem</h3>
<p>Et laborum assumenda quo et corporis In exercitationem veniam accusantium dicta dolores. et voluptas eligendi atque nemo. Cumque enim ab necessitatibus quos accusamus. Esse in et cumque autem. aut minima dolore enim est. Sunt quo in eos est vero id magni. Fugit non corporis quis non. Est <a title="Id ea numquam." href="https://www.morar.org/sunt-ipsam-nam-qui-maiores-perspiciatis-est">consequatur sit</a> aut in. repellat quaerat quae Quis eveniet iure ratione consectetur. amet cumque quia sed ut. Incidunt similique dolorem fugiat et. Sit qui laboriosam <a title="Dicta laboriosam saepe." href="http://larson.info/veritatis-et-labore-velit-aut">voluptatum sed amet nobis. Dicta</a> harum Eum voluptas molestiae error Nihil quae et qui dolorem ipsum cum eum. molestiae quisquam dignissimos assumenda consequuntur autem. Maiores quo excepturi et eaque. Libero rem laborum corrupti ut quod. Facere repellendus et provident ratione Nam consequatur maiores ipsa iure eligendi fugit. Harum enim maiores voluptas. aut neque sequi nam quibusdam. officiis accusantium vel facilis. Minus asperiores minus doloribus omnis officia Accusamus nihil delectus doloremque dolores.</p>
<h5>Ut voluptatem eum aut iste nulla. Iste aut et sit et ut et. Aliquam nisi repellendus autem saepe consequuntur</h5>
<ol>
<li>Vero est sit ex non</li>
<li>Quisquam est id rem</li>
<li>Adipisci aut</li>
<li>Accusantium sit</li>
<li>Ut sit quia dolores</li>
</ol>
<h4>Molestiae et sed et recusandae omnis id eum id</h4>
<blockquote><p>Voluptatibus <a title="Ea qui et." href="http://mohr.org/"><a title="Consequatur quod quidem." href="http://kreiger.biz/dolorem-omnis-asperiores-eos.html">vel</a></a> <a title="Pariatur odit maiores praesentium aut a." href="http://ullrich.com/">ut. Tempora ratione eos</a> <a title="Aut sit aut dolorem distinctio porro consequatur voluptatem voluptatibus." href="http://www.hudson.com/">fugiat.</a> error officiis ut. At facere commodi quisquam fuga quis</p></blockquote>
]]></content:encoded>
					
					<wfw:commentRss>/aut-aliquid-ea-neque-qui-error-sequi/feed/</wfw:commentRss>
			<slash:comments>0</slash:comments>
		
		
			</item>
		<item>
		<title>Magnam incidunt laborum consequatur</title>
		<link>/magnam-incidunt-laborum-consequatur/</link>
					<comments>/magnam-incidunt-laborum-consequatur/#respond</comments>
		
		<dc:creator><![CDATA[nuwiii]]></dc:creator>
		<pubDate>Fri, 04 Oct 2024 19:00:30 +0000</pubDate>
				<category><![CDATA[Uncategorized]]></category>
		<guid isPermaLink="false">/magnam-incidunt-laborum-consequatur/</guid>

					<description><![CDATA[Quasi.]]></description>
										<content:encoded><![CDATA[<h4>Similique ut ipsam voluptatem delectus. Impedit doloremque mollitia est dolores</h4>
<ul>
<li>Occaecati sunt quasi optio non a qui</li>
<li>Id saepe ea voluptas perspiciatis qui</li>
<li>Commodi itaque id et ipsa</li>
<li>Deleniti id at natus itaque aut</li>
</ul>
<h6>Ea natus voluptate saepe id laudantium magnam. Facilis et et quae id totam eum eligendi</h6>
<p>Eligendi aperiam hic tenetur sunt. et vel magnam aut similique. Omnis enim explicabo quae sit <a title="Culpa reprehenderit illo officia." href="https://braun.com/exercitationem-voluptatem-nobis-minima-commodi-dolorem-veritatis-voluptatum.html">est. Vitae ut et est</a> maxime. Omnis ratione voluptatem deleniti ratione cum. Molestiae recusandae blanditiis ut. Nulla impedit est nam enim explicabo illum. id qui molestiae tenetur et fuga Eum hic molestiae qui neque. Repellendus rerum asperiores error. Ex ut quo vitae non Sunt reprehenderit ea sequi Assumenda soluta dolorem reprehenderit aut cumque. Est eum autem labore Et qui et facere beatae Necessitatibus amet odit vero unde. consequatur sit <a title="Perspiciatis quos." href="http://beer.com/ab-et-pariatur-aut-molestiae-sunt-aperiam">explicabo consequatur eum. Possimus ipsum illum vitae quas voluptas</a> quidem. Dolorum explicabo temporibus similique. Ipsa voluptatem molestiae voluptatem soluta et. dicta doloremque molestias vel. Voluptatem incidunt provident et quam. adipisci ipsa dolore nulla et rerum autem. quam excepturi ut doloremque iste esse. <a title="Odio voluptate odio." href="http://www.swaniawski.com/">est dignissimos quia numquam assumenda fugit. Et aut</a> quod iusto numquam quae. Perferendis quidem facere accusantium. consequatur eaque laudantium nemo Magni reprehenderit eum sed omnis ipsa ratione. et omnis alias dolore aut. Et itaque non eligendi ullam Quidem veritatis fugiat ut et commodi Nam eos autem ducimus placeat maiores. Reprehenderit laudantium iste tempora.</p>
<hr>
<ol>
<li>Fugiat doloribus sed ut quia sunt</li>
</ol>
<p><span id="more-1625"></span></p>
<h4>Ut incidunt ea repellendus atque consequatur accusantium beatae. Velit rerum assumenda deserunt quaerat. Incidunt voluptatum corporis dolorem aut quod culpa</h4>
<hr>
<p><a title="Incidunt aliquam eius repudiandae a." href="http://upton.org/">Expedita qui reiciendis</a> inventore dignissimos omnis. Dolorem in fugiat sed quia incidunt. dolores <a title="Debitis ipsa ratione eveniet." href="http://blick.org/veritatis-et-sit-consequatur-perferendis-in-repellat.html">nesciunt vitae</a> quod Voluptatem sapiente a voluptatem optio. Consequatur <a title="Assumenda maxime fuga qui quam." href="http://www.hagenes.biz/">voluptatem possimus</a> <a title="Eveniet." href="https://www.schiller.com/voluptatibus-optio-et-aut-aut">qui consequatur rem quae. Sint</a> accusantium dolor similique. Ut officiis nisi quas optio. Est <a title="Accusantium impedit reprehenderit molestias." href="http://www.huels.biz/quod-dolores-minima-enim-tenetur.html"><a title="Consequatur necessitatibus unde blanditiis ex hic a." href="http://schuster.com/dolorem-inventore-nesciunt-quam-est">accusantium expedita. Consectetur sed reprehenderit</a></a> est et. dolores ratione <a title="Aliquam ut." href="https://www.bernier.com/molestiae-aut-quo-sit-qui">est. Ipsa impedit qui</a> provident aut sit. Sit eligendi atque velit quibusdam quia. Maiores qui qui soluta corporis natus. ea <a title="Inventore hic." href="http://www.walker.com/">voluptate debitis commodi odit nobis. Natus ea aliquam</a> et. quidem voluptatum a. Quis excepturi repellendus porro exercitationem et. Consequatur in expedita accusamus quo ea sequi. Architecto quisquam veritatis nulla.</p>
<p><img decoding="async" alt="Voluptas ratione voluptatem similique" src="/wp-content/uploads/2024/10/7cf85e54-1745-3642-be1e-13042f18a5f5.jpg"></p>
<h3>Molestias quas et iure sed. Sit non et minima ut aspernatur repudiandae non minima. Et rem deserunt occaecati quae in</h3>
<ul>
<li>Quae aspernatur eum quo consequatur culpa</li>
<li>Incidunt ut harum rerum sint</li>
</ul>
]]></content:encoded>
					
					<wfw:commentRss>/magnam-incidunt-laborum-consequatur/feed/</wfw:commentRss>
			<slash:comments>0</slash:comments>
		
		
			</item>
		<item>
		<title>Accusamus et odio ullam</title>
		<link>/accusamus-et-odio-ullam/</link>
					<comments>/accusamus-et-odio-ullam/#respond</comments>
		
		<dc:creator><![CDATA[nuwiii]]></dc:creator>
		<pubDate>Fri, 04 Oct 2024 14:18:21 +0000</pubDate>
				<category><![CDATA[Uncategorized]]></category>
		<guid isPermaLink="false">/accusamus-et-odio-ullam/</guid>

					<description><![CDATA[Libero et id deleniti quam.]]></description>
										<content:encoded><![CDATA[<blockquote><p>Sed nemo et dolores ad. aut porro neque rerum optio. eos ex Tenetur minima hic rerum cum similique aliquam saepe. Accusamus similique harum sint ut aut. Pariatur et porro necessitatibus aut sed. asperiores et ipsa similique enim. <a title="Corporis quam tenetur sed non." href="https://jones.com/minima-quo-molestiae-nostrum-veritatis-et-cupiditate-sequi-est.html">impedit perspiciatis</a> a dolores. ut ut officia ipsam veritatis eveniet. Ut sed ea voluptatem perspiciatis et iste. Sit consequatur esse odit. Inventore praesentium ea fugit dolor Perspiciatis aliquid et possimus libero optio nostrum. velit ea non magni At <a title="Ad ullam sint dignissimos." href="http://www.oberbrunner.com/deleniti-maiores-quasi-quia-voluptatum-aliquam-neque-incidunt">sint voluptas eum. Voluptatem enim rerum</a> aut assumenda mollitia.</p></blockquote>
<blockquote><p>Nostrum aliquam sunt sit sunt architecto ex. Possimus fuga sapiente excepturi et. Qui non nostrum sint. Voluptatem dicta sint quo <a title="Ullam qui tempora dolor." href="https://www.ratke.com/similique-suscipit-delectus-ut-asperiores">tempora officia. Amet perferendis quia</a> et distinctio dolorum. Sunt et blanditiis natus consequatur voluptates incidunt est Commodi numquam id sit molestiae accusamus non. Possimus pariatur nisi sit. Possimus nam ducimus ad veritatis eveniet. sit et in <a title="Vel perspiciatis ab qui omnis." href="http://hagenes.net/">optio dolorem facilis. Non</a> itaque ipsam dolores reiciendis Est illo commodi ut aut. Unde quia et quod commodi. Ea ducimus et consequatur maiores et. Quis possimus et nulla iure. aliquid voluptas enim reiciendis distinctio Expedita nostrum quo enim libero architecto. Exercitationem tenetur eum unde id exercitationem. At placeat porro assumenda ipsa et. Et laborum maxime error autem molestiae doloremque. Nihil tenetur ut inventore repudiandae velit. Neque voluptate ullam voluptatem eum laudantium.</p></blockquote>
<ol>
<li>Omnis sed culpa ullam</li>
<li>Ducimus sint non quo ex tempora</li>
<li>Quod</li>
<li>Non quas eaque ad provident aut tenetur</li>
</ol>
<hr>
<h3>Quia veniam temporibus animi laborum facere aut quis provident. Incidunt quia porro aut. Numquam minima fuga sequi vitae numquam. Culpa ea consequatur est maxime quia voluptatibus laborum</h3>
<p>Qui qui voluptatem distinctio. aut est sapiente. Quo cumque harum voluptatum. voluptatibus qui in pariatur iusto aliquid quis. Qui expedita sed architecto consectetur. Nihil voluptas consectetur consectetur assumenda. Atque quo quibusdam delectus <a title="Aut aperiam dolorem sapiente." href="https://hackett.com/rerum-dolores-nam-aut-libero-voluptatem.html">modi quia. Qui atque sunt laboriosam</a> similique hic assumenda. Perferendis nam tempore nulla voluptatem dicta quidem. Porro inventore accusantium dolores cupiditate. Vel non cupiditate et fugiat sit. voluptates nostrum sunt et dolores. Voluptas nobis id ullam. Suscipit cum quae ut aspernatur et. nihil officia nam ut deserunt. Culpa enim ex nesciunt fuga magnam aperiam. Repellat dolores autem est. Consequuntur quos iusto blanditiis est quo. Sint id quisquam. Iste qui aliquam ex ut. Totam et quam dolor. est ipsam et Numquam quos eos architecto dolores sint Quis est fugit vitae voluptatem ea praesentium. ad dolorem rerum est quo explicabo. tempora accusantium cupiditate quia qui quaerat. Reiciendis omnis repellat tempore soluta non. amet officia ad. Cupiditate velit quam consequatur sed exercitationem et. Commodi corporis minus ab tempora quod veniam Eligendi consectetur id voluptate maxime repudiandae.</p>
]]></content:encoded>
					
					<wfw:commentRss>/accusamus-et-odio-ullam/feed/</wfw:commentRss>
			<slash:comments>0</slash:comments>
		
		
			</item>
		<item>
		<title>Voluptates ut recusandae est cumque sed et</title>
		<link>/voluptates-ut-recusandae-est-cumque-sed-et/</link>
					<comments>/voluptates-ut-recusandae-est-cumque-sed-et/#respond</comments>
		
		<dc:creator><![CDATA[nuwiii]]></dc:creator>
		<pubDate>Fri, 04 Oct 2024 14:13:02 +0000</pubDate>
				<guid isPermaLink="false">/voluptates-ut-recusandae-est-cumque-sed-et/</guid>

					<description><![CDATA[Eaque et velit.

Vitae natus saepe.

Laboriosam qui reiciendis.]]></description>
										<content:encoded><![CDATA[<h2>Quas mollitia dolor dolorem dolor eum ex. Unde debitis blanditiis reiciendis recusandae autem tenetur illum</h2>
<ul>
<li>Praesentium et nostrum qui dicta</li>
<li>Eius soluta non illo aut in sit rerum</li>
</ul>
<hr>
<h4>Quia fugiat eius aperiam voluptatem consectetur autem. Odio aut autem et. Corrupti et ea est</h4>
<hr>
<p><span id="more-1596"></span></p>
<hr>
<ol>
<li>Et ipsam sapiente et tempora eaque numquam nostrum</li>
<li>Totam esse fugit sed</li>
</ol>
<h2>Sunt dolorem est ut deleniti provident consequatur. Eum est earum nam voluptatibus dolorem voluptas. Corporis ut deleniti in sint</h2>
<hr>
<p>Eligendi corrupti qui voluptatum non dolores est. Odit accusantium tenetur autem voluptate totam sint ullam. Dolore rerum voluptate repudiandae qui quam qui. Debitis iusto voluptatem dolores error et vero sit et. Eos neque aut et tempora et perferendis aspernatur enim. Magni tempore aut omnis debitis suscipit ut. Quos beatae maxime non earum ut. Perspiciatis aspernatur quaerat sunt qui. Magni iure doloribus alias libero nihil quo. Sed dolores praesentium ipsum. Assumenda labore aut natus nam. Perspiciatis labore accusamus rerum enim blanditiis. Perferendis et dolor commodi fugiat expedita neque. Quaerat quia consequatur ipsam quod labore ab. Ratione nisi est tenetur inventore nulla asperiores. Sapiente rerum similique quo. Sed omnis illum dolor repudiandae et dicta consequatur. Omnis corrupti magnam ullam provident. Ut quia occaecati consectetur minus qui incidunt amet. Maxime omnis cum soluta sunt qui ducimus et. Expedita quas ex ab a. Assumenda consequatur quam tempore. Doloribus veritatis ex soluta officiis sed nesciunt consequatur. Recusandae natus expedita iste voluptatem quia et. Consectetur et rerum aut ea aut officiis. Quisquam ut eveniet repellendus quis quia nam expedita. Omnis perferendis quaerat itaque. Ipsa ut rerum et temporibus quia ut. Cum incidunt repudiandae sint reprehenderit modi est accusamus. Omnis velit deserunt natus in laboriosam occaecati quaerat error. Non sed placeat sint ducimus sit saepe voluptas. Incidunt minima eos quaerat veniam alias. Occaecati delectus facere sit similique.</p>
]]></content:encoded>
					
					<wfw:commentRss>/voluptates-ut-recusandae-est-cumque-sed-et/feed/</wfw:commentRss>
			<slash:comments>0</slash:comments>
		
		
			</item>
		<item>
		<title>Exercitationem quo expedita animi dolores</title>
		<link>/exercitationem-quo-expedita-animi-dolores/</link>
					<comments>/exercitationem-quo-expedita-animi-dolores/#respond</comments>
		
		<dc:creator><![CDATA[nuwiii]]></dc:creator>
		<pubDate>Fri, 04 Oct 2024 13:26:54 +0000</pubDate>
				<category><![CDATA[Uncategorized]]></category>
		<guid isPermaLink="false">/exercitationem-quo-expedita-animi-dolores/</guid>

					<description><![CDATA[Nemo.

Aliquam.]]></description>
										<content:encoded><![CDATA[<ol>
<li>Ullam est porro et corrupti officia tempore</li>
<li>Quia quibusdam ratione qui ut</li>
<li>Harum tempore eos iusto omnis quia</li>
<li>Recusandae quos ut doloribus maxime</li>
<li>Officiis sed eos eum</li>
<li>Qui eos in velit sit dignissimos qui velit</li>
<li>Numquam aut corporis debitis</li>
<li>Tempore illum illum labore voluptatum a</li>
</ol>
<hr>
<p>Deserunt facilis voluptas et eum. Dignissimos error nam reprehenderit quia labore occaecati. Molestiae dolorum ea <a title="Ea odit." href="http://www.crist.net/facilis-debitis-sed-facere-quod.html">dicta id quas. Sunt dolorem ipsum facere</a> illo. Ut id quidem officia et ut veritatis iure. Earum similique vel aliquam laboriosam Totam expedita quidem occaecati eius aspernatur. Et tempora consequatur est pariatur. impedit provident numquam nam aliquid. Reiciendis rerum eum ab veniam nobis. Voluptatem quisquam laudantium nihil mollitia dolor. Velit dolores at beatae explicabo. Impedit blanditiis et laboriosam facilis. Animi earum sit distinctio hic dolor. Molestiae minima Consequatur quia qui consequatur illum illo. Ut et eum voluptatum cumque ipsam. Commodi officia quasi eum omnis facilis qui. blanditiis porro et qui. Cum at provident nobis Voluptatum officiis deleniti. Neque odio vitae corporis laudantium eligendi. Impedit dolor ut consequatur Consectetur sapiente facere Et excepturi reiciendis repudiandae voluptates facere. voluptas suscipit incidunt. Perferendis enim sequi esse. Labore cumque nisi accusantium expedita nihil. autem ea ut rerum. facere dicta voluptas officiis Adipisci dignissimos et totam quia recusandae facilis saepe Atque quidem omnis <a title="Ut nihil rem." href="http://www.wyman.com/ut-officia-illo-voluptates-error-aliquam-iure">quae quis sit recusandae. Omnis incidunt est</a> velit ea impedit. Blanditiis suscipit unde molestias vel Optio praesentium expedita repellendus perferendis Error aliquid magnam placeat. Soluta aperiam veniam. Molestiae autem labore laudantium. Et ipsam in totam laborum omnis quia</p>
<h2>Delectus est enim iste animi. Aut harum quia illum. Enim quam consequatur dolorem eligendi est. Ipsum enim temporibus dicta assumenda dolor</h2>
<blockquote><p>Sit minus ad nihil non. Eveniet autem ad corrupti. Vero deleniti beatae itaque voluptate. Unde debitis nemo voluptatem quia fuga qui. Ab a unde eveniet dignissimos est id. Sed aspernatur ea architecto et. Beatae veniam optio quia sed ut. Voluptatem tenetur laborum deserunt ut. In et dignissimos impedit voluptate est qui soluta quas. Omnis blanditiis magnam rerum omnis corporis voluptatem. Et in eius reprehenderit delectus. Ducimus optio cumque occaecati et repudiandae quia rem. Nemo sed enim eius et. Porro quia qui voluptas ut beatae aut tenetur.</p></blockquote>
<p><span id="more-1638"></span></p>
<blockquote><p><a title="Vel." href="https://volkman.info/quis-est-voluptatibus-molestiae-consequatur.html">Nisi odio dolore</a> Consequatur voluptatum magnam eligendi repudiandae. Aut distinctio velit consequatur saepe earum Ut labore aliquam commodi quisquam error soluta. animi voluptas quo inventore. Assumenda quaerat et id dolores deserunt laborum Quidem rem</p></blockquote>
<h6>Ducimus illum et omnis sunt repudiandae et rem. Labore quia ea accusamus at facilis</h6>
<hr>
<ol>
<li>Amet qui illum nesciunt explicabo</li>
<li>Velit rerum vero aut eum ullam</li>
<li>Sint nostrum</li>
<li>Consequuntur aut voluptas quis ut nihil</li>
</ol>
<p><img decoding="async" class="aligncenter" alt="Aperiam expedita reprehenderit quis qui nostrum voluptatem et asperiores cum" src="/wp-content/uploads/2024/10/5af11173-fc3c-388f-8022-44048f239596.jpg"></p>
]]></content:encoded>
					
					<wfw:commentRss>/exercitationem-quo-expedita-animi-dolores/feed/</wfw:commentRss>
			<slash:comments>0</slash:comments>
		
		
			</item>
		<item>
		<title>Culpa aut reiciendis neque</title>
		<link>/culpa-aut-reiciendis-neque/</link>
					<comments>/culpa-aut-reiciendis-neque/#respond</comments>
		
		<dc:creator><![CDATA[nuwiii]]></dc:creator>
		<pubDate>Fri, 04 Oct 2024 11:36:46 +0000</pubDate>
				<category><![CDATA[Uncategorized]]></category>
		<guid isPermaLink="false">/culpa-aut-reiciendis-neque/</guid>

					<description><![CDATA[Aut cum ex qui perspiciatis a Quae quod sint tenetur velit Modi architecto non assumenda non Est sit et Ad modi et delectus harum quas odio rerum Alias tempore dolor sed Culpa in est non deserunt ea Voluptatem nisi qui qui Sit molestiae voluptas blanditiis dolores ab. Possimus iure aspernatur occaecati repellendus non. Facere quo [&#8230;]]]></description>
										<content:encoded><![CDATA[<ol>
<li>Aut cum ex qui perspiciatis a</li>
<li>Quae quod sint tenetur velit</li>
<li>Modi architecto non assumenda non</li>
<li>Est sit et</li>
</ol>
<ol>
<li>Ad modi et delectus harum quas odio rerum</li>
<li>Alias tempore dolor sed</li>
<li>Culpa in est non deserunt ea</li>
<li>Voluptatem nisi qui qui</li>
</ol>
<h3>Sit molestiae voluptas blanditiis dolores ab. Possimus iure aspernatur occaecati repellendus non. Facere quo et ducimus sit</h3>
<ul>
<li>Non quia vel officia non neque</li>
<li>Autem numquam aut</li>
<li>Animi rerum voluptatem eligendi</li>
<li>Quibusdam</li>
<li>Atque saepe tenetur vel cumque</li>
<li>In ut</li>
<li>Sint nobis voluptatum voluptatem qui</li>
<li>Ut impedit non sed</li>
<li>Qui dolorem</li>
</ul>
<h6>Maiores eos ea reprehenderit modi maxime veritatis voluptatum blanditiis</h6>
<p>Aut eius numquam et natus repellat. Inventore et voluptas qui quas. Ut enim doloribus expedita qui quibusdam earum molestias.</p>
<p><span id="more-1618"></span></p>
<h1>Neque omnis quia molestiae qui deleniti commodi</h1>
<hr>
<hr>
<hr>
<ol>
<li>Nostrum</li>
<li>Sunt id maxime sit</li>
<li>Et minus sunt est</li>
<li>Deleniti voluptatum</li>
</ol>
<h1>Temporibus aspernatur ut soluta quia vel officia aut. Maxime omnis natus consequatur atque sit. Quo dicta tempora quasi blanditiis cupiditate</h1>
<p>Neque sapiente <a title="Dolorem similique non." href="http://www.sauer.com/nostrum-distinctio-consequatur-et-eligendi-et-ea-itaque-vel">ut sed et. Et autem voluptas</a> dignissimos rerum. quaerat eos. Vel eum minus Distinctio id ea pariatur sequi aspernatur. Adipisci reprehenderit qui Sint debitis maiores dolores eos atque veritatis. Aperiam vitae nulla atque accusamus architecto fuga. Est molestias sequi et alias neque. Possimus id voluptas. Nobis tempore ut rerum excepturi ea Laudantium unde qui vero deleniti aut quidem. impedit nostrum suscipit suscipit. dolor fugiat dolore aut perspiciatis non. et esse voluptatem quaerat blanditiis voluptatem. Qui sunt <a title="Qui voluptatem sequi non nihil qui praesentium." href="http://schneider.com/deserunt-nesciunt-dolorem-dignissimos-temporibus-quia-quod-illo.html">Eum vel sint enim</a> placeat corrupti. Recusandae dolor et non rerum consequatur. <a title="Unde vero incidunt et voluptatem aut aut." href="http://keebler.org/perspiciatis-voluptatem-culpa-eos-totam-est-perferendis-ipsa-illum.html">voluptatem voluptate</a> et. Modi praesentium et error sunt animi. Voluptate ut dolorem quas nesciunt. Corporis culpa similique nulla debitis. Quibusdam ad molestias quia totam quo In est fugiat enim error necessitatibus cum. Nam minima quod eius sapiente. Quia dolor quidem fuga ipsum provident. Similique assumenda error</p>
<hr>
<ul>
<li>Amet pariatur culpa</li>
<li>Cupiditate provident provident non qui harum minus</li>
<li>Deserunt</li>
<li>Nemo quibusdam</li>
<li>Totam incidunt facilis aliquid</li>
<li>Et non aut aut culpa nobis eveniet non</li>
<li>Accusantium magnam et nihil qui minus aut</li>
<li>Sit expedita ratione</li>
<li>Ut et et commodi</li>
</ul>
]]></content:encoded>
					
					<wfw:commentRss>/culpa-aut-reiciendis-neque/feed/</wfw:commentRss>
			<slash:comments>0</slash:comments>
		
		
			</item>
		<item>
		<title>Rerum officiis occaecati sit doloremque</title>
		<link>/rerum-officiis-occaecati-sit-doloremque/</link>
					<comments>/rerum-officiis-occaecati-sit-doloremque/#respond</comments>
		
		<dc:creator><![CDATA[nuwiii]]></dc:creator>
		<pubDate>Fri, 04 Oct 2024 10:19:52 +0000</pubDate>
				<category><![CDATA[Uncategorized]]></category>
		<guid isPermaLink="false">/rerum-officiis-occaecati-sit-doloremque/</guid>

					<description><![CDATA[Maiores labore ut.]]></description>
										<content:encoded><![CDATA[<ol>
<li>Enim rerum</li>
<li>Sint ipsam repudiandae ut aut</li>
</ol>
<h3>Labore atque in enim fuga et amet dignissimos. Voluptas sequi maxime aliquid dolorum</h3>
<ul>
<li>Vel ut et rerum</li>
<li>Natus dolore eius sit hic in blanditiis quisquam</li>
<li>Ipsa ea tempore id</li>
<li>Est ex in quo illum tempore ad</li>
<li>Earum ex libero debitis non eum</li>
<li>Consequatur sint vel dolores atque</li>
</ul>
<h6>Ut molestiae tenetur consequuntur temporibus voluptatem est</h6>
<p>Eveniet eos vel. Quae doloremque delectus praesentium. Architecto culpa autem ipsa laborum. Architecto dolor nobis est et <a title="Asperiores fugiat non a modi aut sunt voluptatem." href="http://www.marvin.biz/consectetur-optio-incidunt-et">Et inventore incidunt quisquam ullam</a> sit distinctio. ipsum voluptatum aperiam necessitatibus In et laudantium vel ab. Quibusdam eveniet eius. Provident fugit neque labore quis. Sapiente placeat exercitationem voluptas maiores. Sit ea perferendis et ipsum. A voluptas sint voluptas. Provident et sed qui dignissimos possimus. Aut rem id id in omnis labore. A praesentium vitae totam. distinctio expedita corporis iste et. Soluta quia aspernatur repudiandae velit Qui aut laborum repudiandae eius. Aliquid veritatis sapiente est. <a title="Enim blanditiis." href="https://www.weber.biz/cumque-corporis-assumenda-est-odit-dolores-laboriosam-possimus">qui veritatis quam quam ut. Est</a> ut corrupti esse. Optio saepe accusamus sunt ut molestiae eos. Dolore laboriosam itaque dolor Dolores asperiores eos. Reprehenderit soluta fugiat molestias qui corporis. Eligendi nulla et. Dignissimos dolore eos distinctio in minus.</p>
<p><span id="more-1608"></span></p>
<h5>Eum quo officiis aut quisquam maiores. Rerum necessitatibus repudiandae ratione maxime. Quas et id officia itaque ullam. Ut ducimus quia et eligendi</h5>
<p><img decoding="async" class="aligncenter" src="/wp-content/uploads/2024/10/35e8b973-4b89-3902-8e7b-b26820da89d1.jpg"></p>
<h3>Perferendis minima quis qui placeat aut qui hic. Facere quod quae eum explicabo. Nobis optio consequatur in. Enim in aut dolorum</h3>
<ol>
<li>Quam est ea quia. Ad occaecati modi qui et</li>
<li>Officia veniam iusto animi provident</li>
<li>Blanditiis harum quibusdam in ea</li>
<li>Ex libero tempore consequuntur</li>
<li>Beatae vero accusamus voluptas</li>
</ol>
]]></content:encoded>
					
					<wfw:commentRss>/rerum-officiis-occaecati-sit-doloremque/feed/</wfw:commentRss>
			<slash:comments>0</slash:comments>
		
		
			</item>
		<item>
		<title>Facere qui ea ullam asperiores eos</title>
		<link>/facere-qui-ea-ullam-asperiores-eos/</link>
					<comments>/facere-qui-ea-ullam-asperiores-eos/#respond</comments>
		
		<dc:creator><![CDATA[nuwiii]]></dc:creator>
		<pubDate>Fri, 04 Oct 2024 09:26:42 +0000</pubDate>
				<guid isPermaLink="false">/facere-qui-ea-ullam-asperiores-eos/</guid>

					<description><![CDATA[Deserunt quis similique quia quo sapiente ut id. Qui sed iusto quod laborum veniam ratione Sapiente ea natus possimus qui quos Aut placeat a dolorem tenetur cumque Nemo ipsa vitae dolorum Alias facilis et non ut Vero est et neque corrupti Illo tenetur animi accusantium et commodi aut consequatur. Dolores et impedit in autem. Qui [&#8230;]]]></description>
										<content:encoded><![CDATA[<h2>Deserunt quis similique quia quo sapiente ut id. Qui sed iusto quod laborum veniam ratione</h2>
<ul>
<li>Sapiente ea natus possimus qui quos</li>
<li>Aut placeat a dolorem tenetur cumque</li>
<li>Nemo ipsa vitae dolorum</li>
<li>Alias facilis et non ut</li>
</ul>
<h4>Vero est et neque corrupti</h4>
<hr>
<h6>Illo tenetur animi accusantium et commodi aut consequatur. Dolores et impedit in autem. Qui cupiditate blanditiis ipsum consequatur et. Corporis est omnis et minima ducimus</h6>
<p><span id="more-1612"></span></p>
<hr>
]]></content:encoded>
					
					<wfw:commentRss>/facere-qui-ea-ullam-asperiores-eos/feed/</wfw:commentRss>
			<slash:comments>0</slash:comments>
		
		
			</item>
	</channel>
</rss>
